codec	input_type	preset	src_path	out_path	src_size_bytes	out_size_bytes	size_ratio_out_over_src	src_duration_s	vmaf_mean	real_time_s	speed	cpu_user_s	cpu_sys_s	cpu_total_s	ffmpeg_log_path	vmaf_json_path	codec_family
libsvtav1	compat	4	movies/compat.mov	out/libsvtav1_compat_preset4.mp4	22017806	3484704	0.15826754037164284	10.966667	90.06237327272727	12.66	0.8662454186413902	74.02	1.08	75.1	out/libsvtav1_compat_preset4_ffmpeg.log	out/libsvtav1_compat_preset4_vmaf.json	av1
libsvtav1	compat	6	movies/compat.mov	out/libsvtav1_compat_preset6.mp4	22017806	4223979	0.19184377407994238	10.966667	90.2343782939394	7.04	1.5577651988636363	39.36	0.8	40.16	out/libsvtav1_compat_preset6_ffmpeg.log	out/libsvtav1_compat_preset6_vmaf.json	av1
libsvtav1	compat	8	movies/compat.mov	out/libsvtav1_compat_preset8.mp4	22017806	4854999	0.2205033053702081	10.966667	89.05969146969697	4.16	2.6362180288461534	23.57	0.57	24.14	out/libsvtav1_compat_preset8_ffmpeg.log	out/libsvtav1_compat_preset8_vmaf.json	av1
libsvtav1	compat	10	movies/compat.mov	out/libsvtav1_compat_preset10.mp4	22017806	5092291	0.23128058263389187	10.966667	88.48926200000001	2.95	3.717514237288135	16.45	0.47	16.919999999999998	out/libsvtav1_compat_preset10_ffmpeg.log	out/libsvtav1_compat_preset10_vmaf.json	av1
libsvtav1	compat	12	movies/compat.mov	out/libsvtav1_compat_preset12.mp4	22017806	5092291	0.23128058263389187	10.966667	88.48926200000001	2.91	3.7686140893470785	16.51	0.49	17.0	out/libsvtav1_compat_preset12_ffmpeg.log	out/libsvtav1_compat_preset12_vmaf.json	av1
libsvtav1	compatduck	4	movies/compatduck.mov	out/libsvtav1_compatduck_preset4.mp4	21287525	4770738	0.22410956651841865	10.67	98.34622594080997	19.17	0.5565988523735002	92.3	2.12	94.42	out/libsvtav1_compatduck_preset4_ffmpeg.log	out/libsvtav1_compatduck_preset4_vmaf.json	av1
libsvtav1	compatduck	6	movies/compatduck.mov	out/libsvtav1_compatduck_preset6.mp4	21287525	6296549	0.2957858651956956	10.67	98.51537321183801	8.94	1.1935123042505593	43.2	1.25	44.45	out/libsvtav1_compatduck_preset6_ffmpeg.log	out/libsvtav1_compatduck_preset6_vmaf.json	av1
libsvtav1	compatduck	8	movies/compatduck.mov	out/libsvtav1_compatduck_preset8.mp4	21287525	6694958	0.3145014744551093	10.67	97.38179618691588	5.34	1.9981273408239701	26.08	0.84	26.919999999999998	out/libsvtav1_compatduck_preset8_ffmpeg.log	out/libsvtav1_compatduck_preset8_vmaf.json	av1
libsvtav1	compatduck	10	movies/compatduck.mov	out/libsvtav1_compatduck_preset10.mp4	21287525	7201816	0.3383115698043807	10.67	95.60688621495326	3.62	2.947513812154696	17.73	0.73	18.46	out/libsvtav1_compatduck_preset10_ffmpeg.log	out/libsvtav1_compatduck_preset10_vmaf.json	av1
libsvtav1	compatduck	12	movies/compatduck.mov	out/libsvtav1_compatduck_preset12.mp4	21287525	7201816	0.3383115698043807	10.67	95.60688621495326	3.73	2.8605898123324396	17.91	0.78	18.69	out/libsvtav1_compatduck_preset12_ffmpeg.log	out/libsvtav1_compatduck_preset12_vmaf.json	av1
libx264	compat	1	movies/compat.mov	out/libx264_compat_preset1.mp4	22017806	6789270	0.30835361161779695	10.966667	86.16048355757576	2.19	5.007610502283105	12.26	0.33	12.59	out/libx264_compat_preset1_ffmpeg.log	out/libx264_compat_preset1_vmaf.json	h264
libx264	compat	3	movies/compat.mov	out/libx264_compat_preset3.mp4	22017806	6094148	0.27678270941255456	10.966667	88.4974499090909	3.76	2.9166667553191488	20.2	0.52	20.72	out/libx264_compat_preset3_ffmpeg.log	out/libx264_compat_preset3_vmaf.json	h264
libx264	compat	5	movies/compat.mov	out/libx264_compat_preset5.mp4	22017806	6970321	0.3165765471818582	10.966667	89.53489965454546	4.68	2.3433049145299143	29.19	0.46	29.650000000000002	out/libx264_compat_preset5_ffmpeg.log	out/libx264_compat_preset5_vmaf.json	h264
libx264	compat	7	movies/compat.mov	out/libx264_compat_preset7.mp4	22017806	7314221	0.33219572377011586	10.966667	89.76913427878787	12.35	0.8879892307692308	69.93	0.78	70.71000000000001	out/libx264_compat_preset7_ffmpeg.log	out/libx264_compat_preset7_vmaf.json	h264
libx264	compat	9	movies/compat.mov	out/libx264_compat_preset9.mp4	22017806	6393646	0.29038524546905353	10.966667	89.60808938787879	159.2	0.06888609924623115	961.15	6.76	967.91	out/libx264_compat_preset9_ffmpeg.log	out/libx264_compat_preset9_vmaf.json	h264
libx264	compatduck	1	movies/compatduck.mov	out/libx264_compatduck_preset1.mp4	21287525	8495189	0.399068891287268	10.67	94.68644655140187	2.46	4.33739837398374	13.18	0.39	13.57	out/libx264_compatduck_preset1_ffmpeg.log	out/libx264_compatduck_preset1_vmaf.json	h264
libx264	compatduck	3	movies/compatduck.mov	out/libx264_compatduck_preset3.mp4	21287525	7618368	0.3578794622672199	10.67	97.69281495638629	3.63	2.9393939393939394	22.12	0.37	22.490000000000002	out/libx264_compatduck_preset3_ffmpeg.log	out/libx264_compatduck_preset3_vmaf.json	h264
libx264	compatduck	5	movies/compatduck.mov	out/libx264_compatduck_preset5.mp4	21287525	7922153	0.37215002683496556	10.67	98.33487116199377	5.38	1.983271375464684	32.98	0.47	33.449999999999996	out/libx264_compatduck_preset5_ffmpeg.log	out/libx264_compatduck_preset5_vmaf.json	h264
libx264	compatduck	7	movies/compatduck.mov	out/libx264_compatduck_preset7.mp4	21287525	7939002	0.37294152326303787	10.67	98.56291560436138	13.96	0.7643266475644699	85.25	0.73	85.98	out/libx264_compatduck_preset7_ffmpeg.log	out/libx264_compatduck_preset7_vmaf.json	h264
libx264	compatduck	9	movies/compatduck.mov	out/libx264_compatduck_preset9.mp4	21287525	7934980	0.3727525863152245	10.67	98.50263904049844	481.9	0.022141523137580412	1160.89	10.32	1171.21	out/libx264_compatduck_preset9_ffmpeg.log	out/libx264_compatduck_preset9_vmaf.json	h264
libx265	compat	1	movies/compat.mov	out/libx265_compat_preset1.mp4	22017806	3063167	0.13912226313557308	10.966667	85.84836874848484	6.54	1.6768603975535168	31.47	0.86	32.33	out/libx265_compat_preset1_ffmpeg.log	out/libx265_compat_preset1_vmaf.json	h265
libx265	compat	3	movies/compat.mov	out/libx265_compat_preset3.mp4	22017806	2757207	0.1252262373462642	10.966667	85.37997408484848	6.1	1.797814262295082	33.1	0.51	33.61	out/libx265_compat_preset3_ffmpeg.log	out/libx265_compat_preset3_vmaf.json	h265
libx265	compat	5	movies/compat.mov	out/libx265_compat_preset5.mp4	22017806	3413800	0.15504723767663317	10.966667	86.73971706666666	10.1	1.085808613861386	49.32	0.92	50.24	out/libx265_compat_preset5_ffmpeg.log	out/libx265_compat_preset5_vmaf.json	h265
libx265	compat	7	movies/compat.mov	out/libx265_compat_preset7.mp4	22017806	4100739	0.1862464861394455	10.966667	89.40413447878787	102.71	0.10677311848894946	593.86	3.19	597.0500000000001	out/libx265_compat_preset7_ffmpeg.log	out/libx265_compat_preset7_vmaf.json	h265
libx265	compat	9	movies/compat.mov	out/libx265_compat_preset9.mp4	22017806	4408236	0.2002123190657598	10.966667	89.6282048030303	1349.09	0.00812893654241007	2460.03	13.44	2473.4700000000003	out/libx265_compat_preset9_ffmpeg.log	out/libx265_compat_preset9_vmaf.json	h265
libx265	compatduck	1	movies/compatduck.mov	out/libx265_compatduck_preset1.mp4	21287525	3474747	0.16322926220873493	10.67	91.24552466666667	7.99	1.3354192740926156	33.91	1.12	35.029999999999994	out/libx265_compatduck_preset1_ffmpeg.log	out/libx265_compatduck_preset1_vmaf.json	h265
libx265	compatduck	3	movies/compatduck.mov	out/libx265_compatduck_preset3.mp4	21287525	3317387	0.15583713935744056	10.67	89.7054227694704	9.86	1.0821501014198784	43.4	1.26	44.66	out/libx265_compatduck_preset3_ffmpeg.log	out/libx265_compatduck_preset3_vmaf.json	h265
libx265	compatduck	5	movies/compatduck.mov	out/libx265_compatduck_preset5.mp4	21287525	4492841	0.21105511326469376	10.67	93.61081107165109	11.82	0.9027072758037225	61.16	1.04	62.199999999999996	out/libx265_compatduck_preset5_ffmpeg.log	out/libx265_compatduck_preset5_vmaf.json	h265
libx265	compatduck	7	movies/compatduck.mov	out/libx265_compatduck_preset7.mp4	21287525	4970962	0.2335152630472542	10.67	97.59944945482866	145.29	0.07343932824007159	781.23	9.38	790.61	out/libx265_compatduck_preset7_ffmpeg.log	out/libx265_compatduck_preset7_vmaf.json	h265
libx265	compatduck	9	movies/compatduck.mov	out/libx265_compatduck_preset9.mp4	21287525	5217639	0.2451031296498771	10.67	97.77983384735202	536.46	0.01988964694478619	2801.55	39.34	2840.8900000000003	out/libx265_compatduck_preset9_ffmpeg.log	out/libx265_compatduck_preset9_vmaf.json	h265
